"passage","author","text","local","attraction","v1","x","y","y2","y3","v2","v1_index","x_index","y_index","v2_index","distance_v1v2","distance_xy","distance_yv2","v1_lemma","v1_analysis","personal","poss_verb","copula","second_attraction","third_attraction","y_analysis","y2_analysis","y3_analysis","y_POS","y_number","y_adjectival","y_adj","y_part","dialect","dialogue","sg_pl"
"ἀφῆκέ μοι ἐλθόντι πρὸς ὑμᾶς λέγειν τἀληθῆ",Xenophon,Hellenica,6 1 13,TRUE,ἀφῆκέ,μοι,ἐλθόντι,NA,NA,λέγειν,0,1,2,5,5,1,3,ἀφίημι,aorist ind act 3rd sg,TRUE,FALSE,FALSE,NA,NA,aor part act masc/neut dat sg,NA,NA,part,sg,TRUE,FALSE,TRUE,attic,FALSE,FALSE
"τουτέων ἀδελφεῶν ἐουσέων δοκέω ἡμῖν Αἰγινητέων δέεσθαι τὸν θεὸν χρῆσαι τιμωρητήρων γενέσθαι.",Herodotus,Historiae,5 80,TRUE,δέεσθαι,Αἰγινητέων,τιμωρητήρων,NA,NA,γενέσθαι,6,5,10,11,5,5,1,δέομαι,pres inf mp,TRUE,FALSE,TRUE,NA,NA,masc gen pl,NA,NA,noun,pl,FALSE,FALSE,FALSE,jonic,FALSE,FALSE
"Ἐρετριέες δὲ πυνθανόμενοι τὴν στρατιὴν τὴν Περσικὴν ἐπὶ σφέας ἐπιπλέουσαν Ἀθηναίων ἐδεήθησαν σφίσι βοηθοὺς γενέσθαι.",Herodotus,Historiae,6 100,FALSE,ἐδεήθησαν,Ἀθηναίων,βοηθοὺς,NA,NA,γενέσθαι,11,10,13,14,3,3,1,δέομαι,aor ind pass 3rd pl,TRUE,FALSE,TRUE,NA,NA,masc/fem acc pl,NA,NA,noun,pl,FALSE,FALSE,FALSE,jonic,FALSE,FALSE
"ἐνταῦθα δὴ κατά τε τοῦ Τισσαφέρνους ἔλεγον ἃ πεποιηκὼς εἴη, αὐτοῦ τε Κύρου ἐδέοντο ὡς προθυμοτάτου πρὸς τὸν πόλεμον γενέσθαι.",Xenophon,Hellenica,1 5 2,TRUE,ἐδέοντο,Κύρου,προθυμοτάτου,NA,NA,γενέσθαι,13,12,15,19,6,3,4,δέομαι,imperf ind mp 3rd pl,TRUE,FALSE,TRUE,NA,NA,masc/neut gen superl sg,NA,NA,adj,sg,TRUE,TRUE,FALSE,attic,FALSE,FALSE
"δέονται δέ σου καὶ τοῦτο, παραγενόμενον καὶ ἄρξαντα ἑαυτῶν πεῖραν λαβεῖν καὶ Δεξίππου καὶ σφῶν τῶν ἄλλων οἷος ἕκαστός ἐστι, καὶ τὴν ἀξίαν ἑκάστοις νεῖμαι.",Xenophon,Anabasis,6 6 33,FALSE,δέονται,σου,παραγενόμενον,ἄρξαντα,NA,πεῖραν,0,2,5,9,9,3,4,δέομαι,pres ind mp 3rd pl,TRUE,FALSE,FALSE,FALSE,NA,aor part mid masc acc sg,aor part act masc acc sg,NA,part,sg,TRUE,FALSE,TRUE,attic,FALSE,FALSE
"ἔπεμπε δὲ καὶ πρὸς Κῦρον, δεόμενος αὐτοῦ πειρᾶσθαι ἄρχοντα ἐλθεῖν τῶν ἀνδρῶν, εἴ τινας πέμποι στρατιώτας τὸ Περσῶν κοινόν.",Xenophon,Cyropaedia,1 5 4,FALSE,δεόμενος,αὐτοῦ,ἄρχοντα,NA,NA,πειρᾶσθαι,5,6,8,7,2,2,-1,δέομαι,pres part mp masc nom sg,TRUE,FALSE,FALSE,NA,NA,pres part act masc acc sg,NA,NA,part,sg,TRUE,FALSE,TRUE,attic,FALSE,FALSE
"ὑπὸ τῶν δεομένων μου προστάτην γενέσθαι.",Xenophon,Cyropaedia,7 2 23,FALSE,δεομένων,μου,προστάτην,NA,NA,γενέσθαι,2,3,4,5,3,1,1,δέομαι,pres part mp masc/neut gen pl,TRUE,FALSE,TRUE,NA,NA,masc acc sg,NA,NA,noun,sg,FALSE,FALSE,FALSE,attic,FALSE,FALSE
"Οὕτω δὴ ἁρπάσαντος αὐτοῦ Ἑλένην, τοῖσι Ἕλλησι δόξαι πρῶτον πέμψαντας ἀγγέλους ἀπαιτέειν τε Ἑλένην καὶ δίκας τῆς ἁρπαγῆς αἰτέειν.",Herodotus,Historiae,1 3,FALSE,δόξαι,τοῖσι Ἕλλησι,πέμψαντας,NA,NA,ἀπαιτέειν,7,6,9,11,4,3,2,δοκεῖ,aor inf act,FALSE,FALSE,FALSE,NA,NA,aor part act masc acc pl,NA,NA,part,pl,TRUE,FALSE,TRUE,jonic,FALSE,FALSE
"Μακροτέρης δέ οἱ γινομένης τῆς νούσου, πέμπει ἐς Δελφοὺς θεοπρόπους, εἴτε δὴ συμβουλεύσαντός τεο, εἴτε καὶ αὐτῷ ἔδοξε πέμψαντα τὸν θεὸν ἐπειρέσθαι περὶ τῆς νούσου.",Herodotus,Historiae,1 19,FALSE,ἔδοξε,αὐτῷ,πέμψαντα,NA,NA,ἐπειρέσθαι,17,16,18,21,4,2,3,δοκεῖ,aor ind act 3rd sg,FALSE,FALSE,FALSE,NA,NA,aor part act masc acc sg,NA,NA,part,sg,TRUE,FALSE,TRUE,jonic,FALSE,FALSE
"Νῦν ὦν μοι δοκέει διαβάντας προελθεῖν ὅσον ἂν ἐκεῖνοι ὑπεξίωσι, ἐνθεῦτεν δὲ τάδε ποιεῦντας πειρᾶσθαι ἐκείνων περιγενέσθαι (...) % τούτοισι ὦν τοῖσι ἀνδράσι τῶν προβάτων ἀφειδέως πολλὰ κατακόψαντας καὶ σκευάσαντας προθεῖναι ἐν τῷ στρατοπέδῳ τῷ ἡμετέρῳ δαῖτα, πρὸς δὲ καὶ κρητῆρας ἀφειδέως οἴνου ἀκρήτου καὶ σιτία παντοῖα.",Herodotus,Historiae,1 207,FALSE,δοκέει,μοι,διαβάντας,ποιεῦντας,NA,προελθεῖν,3,2,4,5,2,2,1,δοκεῖ,pres ind act 3rd sg,FALSE,FALSE,FALSE,FALSE,NA,aor part act masc acc pl,aor part act masc acc pl,NA,part,pl,TRUE,FALSE,TRUE,jonic,FALSE,TRUE
"ἐς δὲ τὰ ἕλεα ἔδοξέ σφι διῶξαι ψιλώσαντας τὰ πλεῖστα τῆς δυνάμιος, ἐκ δὲ τῶν ἑλέων ὁρμώμενον μὴ ἐπιμίσγεσθαι τῇ ἄλλῃ Αἰγύπτῳ.",Herodotus,Historiae,2 151,FALSE,ἔδοξέ,σφι,ψιλώσαντας,NA,NA,διῶξαι,4,5,7,6,2,2,-1,δοκεῖ,aor ind act 3rd sg,FALSE,FALSE,FALSE,NA,NA,aor part act masc acc pl,NA,NA,part,pl,TRUE,FALSE,TRUE,jonic,FALSE,FALSE
"Νῦν ὦν μοι δοκέει μεταδιώξαντας τὸν κήρυκα ἐξετάζειν εἰρωτῶντας παρ' ὅτεο ἥκων προαγορεύει ἡμῖν Σμέρδιος βασιλέος ἀκούειν.",Herodotus,Historiae,3 62,FALSE,δοκέει,μοι,μεταδιώξαντας,NA,NA,ἐξετάζειν,3,2,4,7,4,2,3,δοκεῖ,pres ind act 3rd sg,FALSE,FALSE,FALSE,NA,NA,aor part act masc acc pl,NA,NA,part,pl,TRUE,FALSE,TRUE,jonic,FALSE,TRUE
"Νῦν ὦν μοι δοκέει αἰχμὰς μὲν καὶ τόξα μετεῖναι, λαβόντα δὲ ἕκαστον τοῦ ἵππου τὴν μάστιγα ἰέναι ἆσσον αὐτῶν.",Herodotus,Historiae,4 3,FALSE,δοκέει,μοι,λαβόντα,NA,NA,ἰέναι,3,2,9,16,13,7,7,δοκεῖ,pres ind act 3rd sg,FALSE,FALSE,FALSE,NA,NA,aor part act masc acc sg,NA,NA,part,sg,TRUE,FALSE,TRUE,jonic,FALSE,FALSE
"τοῖσι δὲ βασιλεῦσι δόξαι ἐν τῇ ἑωυτῶν κεῖσθαι ἀποθανόντας μηδὲ συμφεύγειν τῷ δήμῳ, λογισαμένους ὅσα τε ἀγαθὰ πεπόνθασι καὶ ὅσα φεύγοντας ἐκ τῆς πατρίδος κακὰ ἐπίδοξα καταλαμβάνειν.",Herodotus,Historiae,4 11,FALSE,δόξαι,τοῖσι δὲ βασιλεῦσι,ἀποθανόντας,λογισαμένους,NA,κεῖσθαι,3,2,8,7,4,6,-1,δοκεῖ,aor inf act,FALSE,FALSE,FALSE,FALSE,NA,aor part act masc acc pl,aor part mid masc acc pl,NA,part,pl,TRUE,FALSE,TRUE,jonic,FALSE,FALSE
"Κομισθῆναί τε δὴ χρῆμα πολλὸν ἀρδίων καί οἱ δόξαι ἐξ αὐτέων μνημόσυνον ποιήσαντι λιπέσθαι· ἐκ τουτέων δέ μιν τὸ χαλκήιον ποιῆσαι τοῦτο καὶ ἀναθεῖναι ἐς τὸν Ἐξαμπαῖον τοῦτον.",Herodotus,Historiae,4 81,TRUE,δόξαι,οἱ,ποιήσαντι,NA,NA,λιπέσθαι,8,7,12,13,5,5,1,δοκεῖ,aor inf act,FALSE,FALSE,FALSE,NA,NA,aor part act masc/neut dat sg,NA,NA,part,sg,TRUE,FALSE,TRUE,jonic,FALSE,FALSE
"Νῦν ὦν μοι δοκέει, ἐπεὰν τάχιστα νὺξ ἐπέλθῃ, ἐκκαύσαντας τὰ πυρὰ ὡς ἐώθαμεν καὶ ἄλλοτε ποιέειν, τῶν στρατιωτέων τοὺς ἀσθενεστάτους ἐς τὰς ταλαιπωρίας ἐξαπατήσαντας καὶ τοὺς ὄνους πάντας καταδήσαντας ἀπαλλάσσεσθαι, πρὶν ἢ καὶ ἐπὶ τὸν Ἴστρον ἰθῦσαι Σκύθας λύσοντας τὴν γέφυραν ἢ καί τι Ἴωσι δόξαι τὸ ἡμέας οἷόν τε ἔσται ἐξεργάσασθαι.",Herodotus,Historiae,4 134,FALSE,δοκέει,μοι,ἐκκαύσαντας,ἐξαπατήσαντας,καταδήσαντας,ποιέειν,3,2,8,15,12,6,7,δοκεῖ,pres ind act 3rd sg,FALSE,FALSE,FALSE,FALSE,FALSE,aor part act masc acc pl,aor part act masc acc pl,aor part act masc acc pl,part,pl,TRUE,FALSE,TRUE,jonic,FALSE,TRUE
"ἐς ὃ δή σφι χρόνου ἐγγινομένου ἔδοξε αὖτις παρελθόντας πάντας τοῦ φόνου μετίσχειν.",Herodotus,Historiae,5 92 c,FALSE,ἔδοξε,σφι,παρελθόντας,NA,NA,μετίσχειν,6,3,8,12,6,5,4,δοκεῖ,aor ind act 3rd sg,FALSE,FALSE,FALSE,NA,NA,aor part act masc acc pl,NA,NA,part,pl,TRUE,FALSE,TRUE,jonic,FALSE,FALSE
"οὐκ ἐνδεκομένοισι δέ σφι ἐδέδοκτο ἐκ τοῦ φανεροῦ τοῖσι Πέρσῃσι πολεμίους εἶναι.",Herodotus,Historiae,5 96,FALSE,ἐδέδοκτο,σφι,πολεμίους,NA,NA,εἶναι,4,3,10,11,-4,7,1,δοκεῖ,plup ind mp 3rd sg,FALSE,FALSE,TRUE,NA,NA,masc acc pl,NA,NA,adj,pl,TRUE,TRUE,FALSE,jonic,FALSE,FALSE
"ἐδόκεε δὲ μετὰ τὴν ναυμαχίην αὐτίκα βουλευομένοισι, πρὶν ἤ σφι ἐς τὴν χώρην ἀπικέσθαι τὸν τύραννον Αἰάκεα, ἐς ἀποικίην ἐκπλέειν μηδὲ μένοντας Μήδοισί τε καὶ Αἰάκεϊ δουλεύειν.",Herodotus,Historiae,6 22,FALSE,ἐδόκεε,βουλευομένοισι,μένοντας,NA,NA,δουλεύειν,0,6,21,26,26,15,5,δοκεῖ,imperf ind act 3rd sg,FALSE,FALSE,FALSE,NA,NA,pres part act masc acc pl,NA,NA,part,pl,TRUE,FALSE,TRUE,jonic,FALSE,FALSE
"ἐς τοῦτον δὴ τὸν χῶρον καὶ ἐπὶ τὴν κρήνην τὴν Γαργαφίην τὴν ἐν τῷ χώρῳ τούτῳ ἐοῦσαν ἔδοξέ σφι χρεὸν εἶναι ἀπικέσθαι καὶ διαταχθέντας στρατοπεδεύεσθαι.",Herodotus,Historiae,9 25,FALSE,ἔδοξέ,σφι,διαταχθέντας,NA,NA,χρεὸν εἶναι,17,18,23,19,-17,5,-4,δοκεῖ,aor ind act 3rd sg,FALSE,FALSE,FALSE,NA,NA,aor part pass masc acc pl,NA,NA,part,pl,TRUE,FALSE,TRUE,jonic,FALSE,FALSE
"Νῦν ὦν δέδοκται τὸ ἐνθεῦτεν τὸ ποιητέον ἡμῖν, ἀμυνομένους γὰρ τῇ δυνάμεθα ἄριστα περιστέλλειν ἀλλήλους.",Herodotus,Historiae,9 60,FALSE,δέδοκται,ἡμῖν,ἀμυνομένους,NA,NA,ποιητέον εἶναι,2,7,8,6,-2,1,-2,δοκεῖ,perf ind mp 3rd sg,FALSE,FALSE,FALSE,NA,NA,pres part mp masc acc pl,NA,NA,part,pl,TRUE,FALSE,TRUE,jonic,FALSE,FALSE
"Ἄνδρες Θηβαῖοι, ἐπειδὴ οὕτω δέδοκται τοῖσι Ἕλλησι, μὴ πρότερον ἀπαναστῆναι πολιορκέοντας ἢ ἐξέλωσι Θήβας ἢ ἡμέας αὐτοῖσι παραδῶτε (...)",Herodotus,Historiae,9 87,FALSE,δέδοκται,τοῖσι Ἕλλησι,πολιορκέοντας,NA,NA,ἀπαναστῆναι,4,6,10,9,5,4,-1,δοκεῖ,perf ind mp 3rd sg,FALSE,FALSE,FALSE,NA,NA,pres part act masc acc pl,NA,NA,part,pl,TRUE,FALSE,TRUE,jonic,FALSE,FALSE
"Πρὸς ταῦτα Πελοποννησίων μὲν τοῖσι ἐν τέλεϊ ἐοῦσι ἐδόκεε τῶν μηδισάντων ἐθνέων τῶν Ἑλληνικῶν τὰ ἔπιπλα ἐξαναστήσαντας δοῦναι τὴν χώρην Ἴωσι ἐνοικῆσαι·",Herodotus,Historiae,9 106,FALSE,ἐδόκεε,τοῖσι ἐν τέλεϊ ἐοῦσι,ἐξαναστήσαντας,NA,NA,δοῦναι,8,7,16,17,9,9,1,δοκεῖ,imperf ind act 3rd sg,FALSE,FALSE,FALSE,NA,NA,aor part act masc acc pl,NA,NA,part,pl,TRUE,FALSE,TRUE,jonic,FALSE,FALSE
"Τοῖσι μέν νυν ἀμφὶ Λευτυχίδην Πελοποννησίοισι ἔδοξε ἀποπλέειν ἐς τὴν Ἑλλάδα, Ἀθηναίοισι δὲ καὶ Ξανθίππῳ τῷ στρατηγῷ αὐτοῦ ὑπομείναντας πειρᾶσθαι τῆς Χερσονήσου.",Herodotus,Historiae,9 114,FALSE,ἔδοξε,Ἀθηναίοισι,ὑπομείναντας,NA,NA,πειρᾶσθαι,6,11,18,19,13,7,1,δοκεῖ,aor ind act 3rd sg,FALSE,FALSE,FALSE,NA,NA,aor part act masc acc pl,NA,NA,part,pl,TRUE,FALSE,TRUE,jonic,FALSE,FALSE
"ἐπεὶ δ' ἐκεῖ ἦσαν, ἔδοξεν αὐτοῖς ἱκανὰς φυλακὰς εἰς τὰ ἐρύματα καταστήσαντας διαβαίνειν πάλιν ἐπὶ τὴν Ἰωνίαν.",Xenophon,Hellenica,3 2 14,FALSE,ἔδοξεν,αὐτοῖς,καταστήσαντας,NA,NA,διαβαίνειν,4,5,11,12,8,6,1,δοκεῖ,aor ind act 3rd sg,FALSE,FALSE,FALSE,NA,NA,aor part act masc acc pl,NA,NA,part,pl,TRUE,FALSE,TRUE,attic,FALSE,FALSE
"διὰ οὖν πάντα ταῦτα ἔδοξεν αὐτοῖς τοὺς νεκροὺς ὑποσπόνδους ἀναιρεῖσθαι.",Xenophon,Hellenica,3 5 23,FALSE,ἔδοξεν,αὐτοῖς,ὑποσπόνδους,NA,NA,ἀναιρεῖσθαι,4,5,8,9,5,3,1,δοκεῖ,aor ind act 3rd sg,FALSE,FALSE,FALSE,NA,NA,masc/fem acc pl,NA,NA,part,pl,TRUE,FALSE,TRUE,attic,FALSE,FALSE
"ἔδοξεν αὐτοῖς συσκευασαμένοις ἃ εἶχον καὶ ἐξοπλισαμένοις προϊέναι.",Xenophon,Anabasis,2 1 2,TRUE,ἔδοξεν,αὐτοῖς,συσκευασαμένοις,ἐξοπλισαμένοις,NA,προϊέναι,0,1,2,7,7,1,5,δοκεῖ,aor ind act 3rd sg,FALSE,FALSE,FALSE,TRUE,NA,aor part mid masc/neut dat pl,aor part mid masc dat pl,NA,part,pl,TRUE,FALSE,TRUE,attic,FALSE,FALSE
"καὶ ἔδοξεν αὐτοῖς προφυλακὰς καταστήσαντας συγκαλεῖν τοὺς στρατιώτας.",Xenophon,Anabasis,3 2 1,FALSE,ἔδοξεν,αὐτοῖς,καταστήσαντας,NA,NA,συγκαλεῖν,1,2,4,5,4,2,1,δοκεῖ,aor ind act 3rd sg,FALSE,FALSE,FALSE,NA,NA,aor part act masc acc pl,NA,NA,part,pl,TRUE,FALSE,TRUE,attic,FALSE,FALSE
"ἅμα δὲ τῇ ἡμέρᾳ συνελθοῦσι τοῖς στρατηγοῖς καὶ λοχαγοῖς τῶν Ἑλλήνων ἔδοξε τῶν τε ὑποζυγίων τὰ ἀναγκαῖα καὶ δυνατώτατα ἔχοντας πορεύεσθαι, καταλιπόντας τἆλλα, καὶ ὅσα ἦν νεωστὶ αἰχμάλωτα ἀνδράποδα ἐν τῇ στρατιᾷ πάντα ἀφεῖναι.",Xenophon,Anabasis,4 1 12,FALSE,ἔδοξε,συνελθοῦσι τοῖς στρατηγοῖς καὶ λοχαγοῖς,ἔχοντας,καταλιπόντας,NA,πορεύεσθαι,11,8,19,20,9,11,1,δοκεῖ,aor ind act 3rd sg,FALSE,FALSE,FALSE,FALSE,NA,pres part act masc acc pl,aor part act masc acc pl,NA,part,pl,TRUE,FALSE,TRUE,attic,FALSE,FALSE
"ἔπειτα δὲ ἔδοξε τοῖς στρατηγοῖς βουλεύσασθαι συλλεγεῖσιν ὅπως ὡς κάλλιστα ἀγωνιοῦνται",Xenophon,Anabasis,4 8 9,TRUE,ἔδοξε,τοῖς στρατηγοῖς,συλλεγεῖσιν,NA,NA,βουλεύσασθαι,2,4,6,5,3,2,-1,δοκεῖ,aor ind act 3rd sg,FALSE,FALSE,FALSE,NA,NA,aor part pass masc/neut dat pl,NA,NA,part,pl,TRUE,FALSE,TRUE,attic,FALSE,FALSE
"ἀλλά μοι δοκεῖ ὀρθίους τοὺς λόχους ποιησαμένους τοσοῦτον χωρίον κατασχεῖν διαλιπόντας τοῖς λόχοις ὅσον ἔξω τοὺς ἐσχάτους λόχους γενέσθαι τῶν πολεμίων κεράτων·",Xenophon,Anabasis,4 8 12,FALSE,δοκεῖ,μοι,ποιησαμένους,διαλιπόντας,NA,κατασχεῖν,2,1,6,9,7,5,3,δοκεῖ,pres ind act 3rd sg,FALSE,FALSE,FALSE,FALSE,NA,aor part mid masc acc pl,aor part act masc acc pl,NA,part,pl,TRUE,FALSE,TRUE,attic,FALSE,TRUE
"καὶ ἐδόκει αὐτοῖς περὶ τῆς λοιπῆς πορείας παρακαλέσαντας τοὺς Σινωπέας βουλεύεσθαι.",Xenophon,Anabasis,5 6 1,FALSE,ἐδόκει,αὐτοῖς,παρακαλέσαντας,NA,NA,βουλεύεσθαι,1,2,7,10,9,5,3,δοκεῖ,imperf ind act 3rd sg,FALSE,FALSE,FALSE,NA,NA,aor part act masc acc pl,NA,NA,part,pl,TRUE,FALSE,TRUE,attic,FALSE,FALSE
"ἐκ τούτου ἔδοξεν αὐτοῖς πέμψαντας στρατηγοὺς καὶ λοχαγοὺς καὶ Δρακόντιον τὸν Σπαρτιάτην καὶ τῶν ἄλλων οἳ ἐδόκουν ἐπιτήδειοι εἶναι δεῖσθαι Κλεάνδρου κατὰ πάντα τρόπον ἀφεῖναι τὼ ἄνδρε.",Xenophon,Anabasis,6 6 30,FALSE,ἔδοξεν,αὐτοῖς,πέμψαντας,NA,NA,δεῖσθαι,2,3,4,19,17,1,15,δοκεῖ,aor ind act 3rd sg,FALSE,FALSE,FALSE,NA,NA,aor part act masc acc pl,NA,NA,part,pl,TRUE,FALSE,TRUE,attic,FALSE,FALSE
"ἔδοξεν αὐτοῖς τοὔμπαλιν ὑποστρέψαντας ἐλθεῖν μίαν ἡμέραν καὶ νύκτα.",Xenophon,Anabasis,6 6 38,FALSE,ἔδοξεν,αὐτοῖς,ὑποστρέψαντας,NA,NA,ἐλθεῖν,0,1,3,4,4,2,1,δοκεῖ,aor ind act 3rd sg,FALSE,FALSE,FALSE,NA,NA,aor part act masc acc pl,NA,NA,part,pl,TRUE,FALSE,TRUE,attic,FALSE,FALSE
"καὶ νῦν μοι δοκεῖ πέμψαντας Ἀναξιβίῳ εἰπεῖν (...).",Xenophon,Anabasis,7 1 31,FALSE,δοκεῖ,μοι,πέμψαντας,NA,NA,εἰπεῖν,3,2,4,6,3,2,2,δοκεῖ,pres ind act 3rd sg,FALSE,FALSE,FALSE,NA,NA,aor part act masc acc pl,NA,NA,part,pl,TRUE,FALSE,TRUE,attic,FALSE,TRUE
"ἡμῖν γὰρ δοκεῖ πᾶσιν, ἐπείπερ παρεσκευάσμεθα, μὴ ἐπειδὰν ἐμβάλωσιν οἱ πολέμιοι εἰς τὴν σὴν χώραν, τότε μάχεσθαι, μηδ' ἐν τῇ φιλίᾳ καθημένους ἡμᾶς ὑπομένειν, ἀλλ' ἰέναι ὡς τάχιστα εἰς τὴν πολεμίαν.",Xenophon,Cyropaedia,3 3 14,FALSE,δοκεῖ,ἡμῖν,καθημένους,NA,NA,ὑπομένειν,2,0,21,23,21,21,2,δοκεῖ,pres ind act 3rd sg,FALSE,FALSE,FALSE,NA,NA,perf part mid masc acc pl,NA,NA,part,pl,TRUE,FALSE,TRUE,attic,FALSE,FALSE
"δοκεῖ μέντοι μοι χρῆναι πρὸ τῆς ἀποκρίσεως ἔτι πρότερον Κέβητος ἀκοῦσαι τί αὖ ὅδε ἐγκαλεῖ τῷ λόγῳ, ἵνα χρόνου ἐγγενομένου βουλευσώμεθα τί ἐροῦμεν, ἔπειτα δὲ ἀκούσαντας ἢ συγχωρεῖν αὐτοῖς ἐάν τι δοκῶσι προσᾴδειν, ἐὰν δὲ μή, οὕτως ἤδη ὑπερδικεῖν τοῦ λόγου.",Plato,Phaedo,86 d,FALSE,δοκεῖ,μοι,ἀκούσαντας,NA,NA,συγχωρεῖν,0,2,25,27,27,23,2,δοκεῖ,pres ind act 3rd sg,FALSE,FALSE,FALSE,NA,NA,aor part act masc acc pl,NA,NA,part,pl,TRUE,FALSE,TRUE,attic,TRUE,TRUE
"ἐπειδὴ Ἀθηναίοις ἔδοξε βέλτιον εἶναι ἐμοῦ καταψηφίσασθαι, διὰ ταῦτα δὴ καὶ ἐμοὶ βέλτιον αὖ δέδοκται ἐνθάδε καθῆσθαι, καὶ δικαιότερον παραμένοντα ὑπέχειν τὴν δίκην ἣν ἂν κελεύσωσιν·",Plato,Phaedo,98 e,FALSE,ἔδοξε,ἐμοὶ,παραμένοντα,NA,NA,βέλτιον εἶναι,2,11,19,18,-2,8,-1,δοκεῖ,aor ind act 3rd sg,FALSE,FALSE,FALSE,NA,NA,pres part act masc acc sg,NA,NA,part,sg,TRUE,FALSE,TRUE,attic,TRUE,FALSE
"ἔδοξε δή μοι χρῆναι εἰς τοὺς λόγους καταφυγόντα ἐν ἐκείνοις σκοπεῖν τῶν ὄντων τὴν ἀλήθειαν.",Plato,Phaedo,99 e,FALSE,ἔδοξε,μοι,καταφυγόντα,NA,NA,χρῆναι,0,2,7,3,3,5,-4,δοκεῖ,aor ind act 3rd sg,FALSE,FALSE,FALSE,NA,NA,aor part act masc acc sg,NA,NA,part,sg,TRUE,FALSE,TRUE,attic,TRUE,FALSE
"Δοκεῖ τοίνυν μοι ἀναγκαῖον εἶναι, ἐπειδὴ Παυσανίας ὁρμήσας ἐπὶ τὸν λόγον καλῶς οὐχ ἱκανῶς ἀπετέλεσε, δεῖν ἐμὲ πειρᾶσθαι τέλος ἐπιθεῖναι τῷ λόγῳ.",Plato,Symposium,185 e,FALSE,δοκεῖ,μοι,ἐμὲ,NA,NA,ἀναγκαῖον εἶναι,0,2,16,4,0,14,-12,δοκεῖ,pres ind act 3rd sg,FALSE,FALSE,FALSE,NA,NA,masc/fem acc 1st sg,NA,NA,noun,sg,FALSE,FALSE,FALSE,attic,TRUE,FALSE
"δικαιότατον μέντοι μοι δοκεῖ εἶναι ἐμὲ νεώτερον ὄντα τῶνδε καὶ ἀπειρότερον τούτων ἀκούειν πρότερον τί λέγουσιν καὶ μανθάνειν παρ' αὐτῶν·",Plato,Laches,181 d,FALSE,δοκεῖ,μοι,ὄντα,NA,NA,δικαιότατον εἶναι,3,2,7,0,-3,5,-7,δοκεῖ,pres ind act 3rd sg,FALSE,FALSE,FALSE,NA,NA,pres part act masc sg,NA,NA,part,sg,TRUE,FALSE,TRUE,attic,TRUE,FALSE
"ᾗ δὲ ἐτράπημεν, δοκεῖ μοι χρῆναι ἰέναι, σκοποῦντα τὰ κατὰ τοὺς ποιητάς·",Plato,Lysis,213 e,FALSE,δοκεῖ,μοι,σκοποῦντα,NA,NA,χρῆναι,3,4,7,5,2,3,-2,δοκεῖ,pres ind act 3rd sg,FALSE,FALSE,FALSE,NA,NA,pres part act masc acc sg,NA,NA,part,sg,TRUE,FALSE,TRUE,attic,TRUE,FALSE
"τούτων πέρι μοι δοκεῖ χρῆναι ἐπιμνησθῆναι ἐπαινοῦντά τε καὶ προμνώμενον ἄλλοις ἐς ᾠδάς τε καὶ τὴν ἄλλην ποίησιν αὐτὰ θεῖναι πρεπόντως τῶν πραξάντων",Plato,Menexenus,239 c,FALSE,δοκεῖ,μοι,ἐπαινοῦντά,προμνώμενον,NA,χρῆναι,3,2,6,4,1,4,-2,δοκεῖ,pres ind act 3rd sg,FALSE,FALSE,FALSE,FALSE,NA,pres part act masc acc sg,pres part mid masc acc sg,NA,part,sg,TRUE,FALSE,TRUE,attic,TRUE,FALSE
"δοκεῖ γάρ μοι δεῖν ἐννοῆσαι ἐκ τῶνδε περὶ αὐτοῦ σκοποῦντας.",Plato,Respublica,578 d,FALSE,δοκεῖ,μοι,σκοποῦντας,NA,NA,δεῖν,0,2,9,3,3,7,-6,δοκεῖ,pres ind act 3rd sg,FALSE,FALSE,FALSE,NA,NA,pres part act masc acc pl,NA,NA,part,pl,TRUE,FALSE,TRUE,attic,TRUE,TRUE
"τὸ δὲ δὴ μετὰ τοῦτο ἔδοξεν αὐτοῖς, ὥς γε λέγεται τὸ τοῦ μύθου, τριχῇ τὸ στράτευμα διανείμαντας, τρεῖς πόλεις κατοικίζειν, Ἄργος, Μεσσήνην, Λακεδαίμονα.",Plato,Leges,683 d,FALSE,ἔδοξεν,αὐτοῖς,διανείμαντας,NA,NA,κατοικίζειν,5,6,16,19,14,10,3,δοκεῖ,aor ind act 3rd sg,FALSE,FALSE,FALSE,NA,NA,aor part act masc acc pl,NA,NA,part,pl,TRUE,FALSE,TRUE,attic,TRUE,FALSE
"τῷ μὲν γὰρ ἐσθλῷ ἐγχωρεῖ κακῷ γενέσθαι.",Plato,Protagoras,344 e,TRUE,ἐγχωρεῖ,ἐσθλῷ,κακῷ,NA,NA,γενέσθαι,4,3,5,6,2,2,1,ἐγχωρεῖ,pres ind act 3rd sg,FALSE,TRUE,TRUE,NA,NA,masc/neut dat sg,NA,NA,adj,sg,TRUE,TRUE,FALSE,attic,TRUE,FALSE
"ἀλλὰ ψυχῇ σῶμα, ᾗ οὐκ ἐγχωρεῖ κακὴν γενομένην τε καὶ οὖσαν εὖ τι θεραπεύειν.",Plato,Respublica,408 e,FALSE,ἐγχωρεῖ,ᾗ,γενομένην,οὖσαν,NA,θεραπεύειν,5,3,7,13,8,4,6,ἐγχωρεῖ,pres ind act 3rd sg,FALSE,TRUE,FALSE,FALSE,NA,aor part mid fem acc sg,aor part mid fem acc sg,NA,noun,sg,FALSE,FALSE,FALSE,attic,TRUE,FALSE
"Ἐντειλάμενος δὲ τοῖσι Λυδοῖσι τάδε ἀπέπεμπε ἐς τὴν διάπειραν τῶν χρηστηρίων, ἀπ' ἧς ἂν ἡμέρης ὁρμηθέωσι ἐκ Σαρδίων, ἀπὸ ταύτης ἡμερολογέοντας τὸν λοιπὸν χρόνον ἑκατοστῇ ἡμέρῃ χρᾶσθαι τοῖσι χρηστηρίοισι, ἐπειρωτῶντας «ὅ τι ποιέων τυγχάνοι ὁ Λυδῶν βασιλεὺς Κροῖσος ὁ Ἀλυάττεω»·",Herodotus,Historiae,1 47,FALSE,ἐντειλάμενος,τοῖσι Λυδοῖσι,ἡμερολογέοντας,ἐπειρωτῶντας,NA,χρᾶσθαι,0,3,20,26,26,17,6,ἐντέλλομαι,aor part mid masc nom sg,TRUE,FALSE,FALSE,FALSE,NA,pres part act masc acc pl,pres part act masc acc pl,NA,part,pl,TRUE,FALSE,TRUE,jonic,FALSE,FALSE
"ἐντειλάμενός οἱ ἀπὸ γλώσσης διδόντα τὸν λαγὸν Κύρῳ ἐπειπεῖν αὐτοχειρίῃ μιν διελεῖν καὶ μηδένα οἱ ταῦτα ποιεῦντι παρεῖναι.",Herodotus,Historiae,1 123,FALSE,ἐντειλάμενός,οἱ,διδόντα,NA,NA,ἐπειπεῖν,0,1,4,8,8,3,4,ἐντέλλομαι,aor part mid masc nom sg,TRUE,FALSE,FALSE,NA,NA,pres part act masc acc sg,NA,NA,part,sg,TRUE,FALSE,TRUE,jonic,FALSE,FALSE
"Ἀπορεόμενον δέ μιν τάδε ποιῆσαι· τοῦ φωρὸς τὸν νέκυν κατὰ τοῦ τείχεος κατακρεμάσαι, φυλάκους δὲ αὐτοῦ καταστήσαντα ἐντείλασθαί σφι, τὸν ἂν ἴδωνται ἀποκλαύσαντα ἢ κατοικτισάμενον, συλλαβόντας ἄγειν πρὸς ἑωυτόν.",Herodotus,Historiae,2 121 c,FALSE,ἐντείλασθαί,σφι,συλλαβόντας,NA,NA,ἄγειν,17,18,25,26,9,7,1,ἐντέλλομαι,aor inf mid,TRUE,FALSE,FALSE,NA,NA,aor part act masc acc pl,NA,NA,part,pl,TRUE,FALSE,TRUE,jonic,FALSE,FALSE
"καὶ τούτοισι μὲν ἐνετέλλετο Ἀμμωνίους ἐξανδραποδισαμένους τὸ χρηστήριον τὸ τοῦ Διὸς ἐμπρῆσαι,",Herodotus,Historiae,3 25,FALSE,ἐνετέλλετο,τούτοισι,ἐξανδραποδισαμένους,NA,NA,ἐμπρῆσαι,3,1,5,11,8,4,6,ἐντέλλομαι,imperf ind mp 3rd sg,TRUE,FALSE,FALSE,NA,NA,aor part mp masc acc pl,NA,NA,part,pl,TRUE,FALSE,TRUE,jonic,FALSE,FALSE
"Ἐπείτε γὰρ τάχιστα ἡμέρη ἐπέλαμψε, καλέσας Περσέων ἄνδρας δοκίμους πεντεκαίδεκα ἐνετέλλετό σφι ἑπομένους Δημοκήδεϊ διεξελθεῖν τὰ παραθαλάσσια τῆς Ἑλλάδος, ὅκως τε μὴ διαδρήσεταί σφεας ὁ Δημοκήδης, ἀλλά μιν πάντως ὀπίσω ἀπάξουσι.",Herodotus,Historiae,3 135,FALSE,ἐνετέλλετό,σφι,ἑπομένους,NA,NA,διεξελθεῖν,10,11,12,14,4,1,2,ἐντέλλομαι,imperf ind mp 3rd sg,TRUE,FALSE,FALSE,NA,NA,pres part mp masc acc pl,NA,NA,part,pl,TRUE,FALSE,TRUE,jonic,FALSE,FALSE
"Πυνθανόμεθα γὰρ Δαρεῖον ἐντείλασθαι ὑμῖν ἑξήκοντα ἡμέρας μούνας φρουρήσαντας τὴν γέφυραν, αὐτοῦ μὴ παραγενομένου ἐν τούτῳ τῷ χρόνῳ, ἀπαλλάσσεσθαι ἐς τὴν ὑμετέρην.",Herodotus,Historiae,4 133,FALSE,ἐντείλασθαι,ὑμῖν,φρουρήσαντας,NA,NA,ἀπαλλάσσεσθαι,3,4,8,18,15,4,10,ἐντέλλομαι,aor inf mid,TRUE,FALSE,FALSE,NA,NA,aor part act masc acc pl,NA,NA,part,pl,TRUE,FALSE,TRUE,jonic,FALSE,FALSE
"Τελεωθέντων δὲ ἀμφοτέροισι οὗτοι μὲν κατὰ εἵλοντο ἐτράποντο, Δαρεῖον δὲ συνήνεικε πρῆγμα τοιόνδε ἰδόμενον ἐπιθυμῆσαι ἐντείλασθαι Μεγαβάζῳ Παίονας ἑλόντα ἀνασπάστους ποιῆσαι ἐκ τῆς Εὐρώπης ἐς τὴν Ἀσίην.",Herodotus,Historiae,5 12,FALSE,ἐντείλασθαι,Μεγαβάζῳ,ἑλόντα,NA,NA,ποιῆσαι,15,16,18,20,5,2,2,ἐντέλλομαι,aor inf mid,TRUE,FALSE,FALSE,NA,NA,aor part act masc acc sg,NA,NA,part,sg,TRUE,FALSE,TRUE,jonic,FALSE,FALSE
"ἀλλ᾽ ἐξαρκῇ σοι τὰ ἔργα αὐτῶν ὁρῶντι σέβεσθαι καὶ τιμᾶν τοὺς θεούς.",Xenophon,Memorabilia,4 3 13,TRUE,ἐξαρκῇ,σοι,ὁρῶντι,NA,NA,σέβεσθαι,1,2,6,7,6,4,1,ἐξαρκεῖ,pres subj act 3rd sg,FALSE,TRUE,FALSE,NA,NA,pres part act masc/neut dat sg,NA,NA,part,sg,TRUE,FALSE,TRUE,attic,TRUE,FALSE
"ἀλλ᾽ ἐξαρκεῖ αὐτοῖς μετ᾽ ἀλλήλων καταζῆν ἀγάμοις.",Plato,Symposium,192 b,TRUE,ἐξαρκεῖ,αὐτοῖς,ἀγάμοις,NA,NA,καταζῆν,1,2,6,5,4,4,-1,ἐξαρκεῖ,pres ind act 3rd sg,FALSE,TRUE,FALSE,NA,NA,masc/fem/neut dat pl,NA,NA,adj,pl,TRUE,TRUE,FALSE,attic,TRUE,FALSE
"ὥσπερ, ἔφην ἐγώ, εἴ με ἔροιο εἰ ἐξαρκεῖ σώματι εἶναι σώματι ἢ προσδεῖταί τινος, εἴποιμ᾽ ἂν ὅτι ‘παντάπασι μὲν οὖν προσδεῖται. διὰ ταῦτα καὶ ἡ τέχνη ἐστὶν ἡ ἰατρικὴ νῦν ηὑρημένη, ὅτι σῶμά ἐστιν πονηρὸν καὶ οὐκ ἐξαρκεῖ αὐτῷ τοιούτῳ εἶναι.",Plato,Respublica,341 e,TRUE,ἐξαρκεῖ,σώματι,σώματι,NA,NA,εἶναι,7,8,10,9,-7,0,-1,ἐξαρκεῖ,pres ind act 3rd sg,FALSE,TRUE,TRUE,NA,NA,neut dat sg,NA,NA,noun,sg,FALSE,FALSE,FALSE,attic,TRUE,FALSE
"ἐξὸν γὰρ αὐτῷ παρέντι τοὺς διαπίπτοντας ἑπομένῳ χειροῦσθαι τοὺς ὄπισθεν οὐκ ἐποίησε τοῦτο, ἀλλ' ἀντιμέτωπος συνέρραξε τοῖς Θηβαίοις.",Xenophon,Agesilaus,2 12,TRUE,ἐξὸν,αὐτῷ,ἑπομένῳ,NA,NA,χειροῦσθαι,0,2,6,7,7,4,1,ἔξεστι,pres part act neut nom/voc/acc sg,FALSE,TRUE,FALSE,NA,NA,pres part mp masc/neut dat sg,NA,NA,part,sg,TRUE,FALSE,TRUE,attic,FALSE,FALSE
"ἃ ἡμῖν ἔξεστι προκαταλαβοῦσιν ἄπορα ὑμῖν παρέχειν",Xenophon,Anabasis,2 5 18,TRUE,ἔξεστι,ἡμῖν,προκαταλαβοῦσιν,NA,NA,παρέχειν,2,1,3,6,4,2,3,ἔξεστι,pres ind act 3rd sg,FALSE,TRUE,FALSE,NA,NA,aor part act masc/neut dat pl,NA,NA,part,pl,TRUE,FALSE,TRUE,attic,FALSE,FALSE
"νῦν σοι ἔξεστιν, ὦ Ξενοφῶν, ἀνδρὶ γενέσθαι",Xenophon,Anabasis,7 1 14,TRUE,ἔξεστιν,σοι,ἀνδρὶ,NA,NA,γενέσθαι,2,1,5,6,4,4,1,ἔξεστι,pres ind act 3rd sg,FALSE,TRUE,TRUE,NA,NA,fem voc sg,NA,NA,noun,sg,FALSE,FALSE,FALSE,attic,FALSE,FALSE
"ἔξεστι δ' ὑμῖν, εἰ βούλεσθε, λαβόντας ὅπλα οἷάπερ ἡμεῖς ἔχομεν εἰς τὸν αὐτὸν ἡμῖν κίνδυνον ἐμβαίνειν, καὶ ἄν τι ἐκ τούτων καλὸν κἀγαθὸν γίγνηται, τῶν ὁμοίων ἡμῖν ἀξιοῦσθαι.",Xenophon,Cyropaedia,2 1 15,FALSE,ἔξεστι,ὑμῖν,λαβόντας,NA,NA,ἐμβαίνειν,0,2,5,15,15,3,10,ἔξεστι,pres ind act 3rd sg,FALSE,TRUE,FALSE,NA,NA,aor part act masc acc pl,NA,NA,part,pl,TRUE,FALSE,TRUE,attic,FALSE,FALSE
"ἐξέσται δέ σοι ἰδόντι ταῦτα ἐλθόντα ἔτι καὶ περὶ τῆς ἁρπαγῆς βουλεύσασθαι.",Xenophon,Cyropaedia,7 2 14,FALSE,ἐξέσται,σοι,ἐλθόντα,NA,NA,βουλεύσασθαι,0,2,5,11,11,3,6,ἔξεστι,fut ind mid 3rd sg,FALSE,TRUE,FALSE,NA,NA,aor part act masc acc sg,NA,NA,part,sg,TRUE,FALSE,TRUE,attic,FALSE,FALSE
"οὕτω δὴ ὅτε Φεραύλας ὑπερήδετο ὅτι ἐξέσοιτο αὐτῷ ἀπαλλαγέντι τῆς τῶν ἄλλων κτημάτων ἐπιμελείας ἀμφὶ τοὺς φίλους ἔχειν, ὅ τε Σάκας ὅτι ἔμελλε πολλὰ ἔχων πολλοῖς χρήσεσθαι.",Xenophon,Cyropaedia,8 3 50,TRUE,ἐξέσοιτο,αὐτῷ,ἀπαλλαγέντι,NA,NA,ἔχειν,6,7,8,17,11,1,9,ἔξεστι,fut opt mid 3rd sg,FALSE,TRUE,FALSE,NA,NA,aor part pass masc/neut dat sg,NA,NA,part,sg,TRUE,FALSE,TRUE,attic,FALSE,FALSE
"ἔξεστι δὲ τῷ νέῳ καὶ κεχριμένῳ εἰς μάχην συνιέναι καὶ φαιδρὸν εἶναι καὶ εὐδοκιμεῖν.",Xenophon,De republica Lacedaemoniorum,13 9,TRUE,ἔξεστι,τῷ νέῳ,κεχριμένῳ,φαιδρὸν,NA,συνιέναι,0,3,5,8,8,2,3,ἔξεστι,pres ind act 3rd sg,FALSE,TRUE,FALSE,FALSE,NA,perf part mp masc/neut dat sg,masc acc sg,NA,part,sg,TRUE,FALSE,TRUE,attic,FALSE,FALSE
"νῦν δὲ ἔξεστί σοι μεθ' ἡμῶν γενομένῳ μηδένα προσκυνοῦντα μηδὲ δεσπότην ἔχοντα ζῆν καρπούμενον τὰ σαυτοῦ.",Xenophon,Hellenica,4 1 35,FALSE,ἔξεστί,σοι,γενομένῳ,προσκυνοῦντα,καρπούμενον,ζῆν,2,3,6,12,10,3,6,ἔξεστι,pres ind act 3rd sg,FALSE,TRUE,FALSE,FALSE,FALSE,aor part mid masc/neut dat sg,pres part act masc acc sg,pres part mid masc acc sg,part,sg,TRUE,FALSE,TRUE,attic,FALSE,FALSE
"Ὦ ἄνδρες, νῦν ἔξεστιν ὑμῖν καὶ πρόσθεν φίλοις οὖσι τῇ πόλει ἡμῶν εὐεργέτας φανῆναι τῶν Λακεδαιμονίων.",Xenophon,Hellenica,4 8 4,FALSE,ἔξεστιν,ὑμῖν,εὐεργέτας,NA,NA,φανῆναι,3,4,12,13,10,8,1,ἔξεστι,pres ind act 3rd sg,FALSE,TRUE,TRUE,NA,NA,masc acc pl,NA,NA,noun,pl,FALSE,FALSE,FALSE,attic,FALSE,FALSE
"Ἔξεστί σοι, ὦ υἱέ, σῶσαι τὸν πατέρα, δεηθέντι Ἀρχιδάμου εὐμενῆ Ἀγησίλαον ἐμοὶ εἰς τὴν κρίσιν παρασχεῖν.",Xenophon,Hellenica,5 4 26,TRUE,ἔξεστί,σοι,δεηθέντι,NA,NA,σῶσαι,0,1,7,4,4,6,-3,ἔξεστι,pres ind act 3rd sg,FALSE,TRUE,FALSE,NA,NA,aor part pass masc/neut dat sg,NA,NA,part,sg,TRUE,FALSE,TRUE,attic,FALSE,FALSE
"ἐξεῖναι γὰρ σφίσι ναῦς πληρώσαντας πολὺ πλείους τῶν Ἀθηναίων ἑλεῖν λιμῷ τὴν πόλιν αὐτῶν·",Xenophon,Hellenica,5 4 60,FALSE,ἐξεῖναι,σφίσι,πληρώσαντας,NA,NA,ἑλεῖν,0,2,4,9,9,2,5,ἔξεστι,pres inf act,FALSE,TRUE,FALSE,NA,NA,aor part act masc acc pl,NA,NA,part,pl,TRUE,FALSE,TRUE,attic,FALSE,FALSE
"(...) ἐξὸν τῷ Λακεδαιμονίων πολεμάρχῳ λαβόντι ὁπόσους μὲν ἐβούλετο τῶν συμμάχων ὁπλίτας, ὁπόσους δὲ πελταστάς, κατέχειν τὸ χωρίον, καὶ γὰρ τὰ ἐπιτήδεια ἐξῆν ἀσφαλῶς ἐκ Κεγχρειῶν κομίζεσθαι, οὐκ ἐποίησε ταῦτα (...)",Xenophon,Hellenica,7 1 17,TRUE,ἐξὸν,τῷ Λακεδαιμονίων πολεμάρχῳ,λαβόντι,NA,NA,κατέχειν,0,3,4,14,14,1,10,ἔξεστι,pres part act neut nom/voc/acc sg,FALSE,TRUE,FALSE,NA,NA,aor part act masc/neut dat sg,NA,NA,part,sg,TRUE,FALSE,TRUE,attic,FALSE,FALSE
"καὶ ἐξείη μὲν ἄν σοι ἕνεκεν ἀσφαλείας, εἴ ποι βούλοιο, θεωρήσοντι πορεύεσθαι, ἐξείη δ' ἂν αὐτοῦ μένοντι τοῦτο πράττειν",Xenophon,Hiero,11 10,TRUE,ἐξείη,σοι,θεωρήσοντι,μένοντι,NA,πορεύεσθαι,1,4,10,11,10,6,1,ἔξεστι,pres opt act 3rd sg,FALSE,TRUE,FALSE,TRUE,NA,fut part act masc/neut dat sg,pres part act masc/neut dat sg,NA,part,sg,TRUE,FALSE,TRUE,attic,TRUE,FALSE
"ἐξῇ δ' αὐτοῖς ἐν ὀλίγῳ χρόνῳ πολὺ πλείω λαβεῖν ἀποκτείνασι τὸν τύραννον ἢ ὅσα πολὺν χρόνον φυλάττοντες παρὰ τοῦ τυράννου λαμβάνουσιν.",Xenophon,Hiero,6 11,TRUE,ἐξῇ,αὐτοῖς,ἀποκτείνασι,NA,NA,λαβεῖν,0,2,9,8,8,7,-1,ἔξεστι,pres subj act 3rd sg,FALSE,TRUE,FALSE,NA,NA,aor part act masc/neut dat pl,NA,NA,part,pl,TRUE,FALSE,TRUE,attic,TRUE,FALSE
"ἔτι δὲ τῷ μὲν κρυπτὰς ἔχοντι φυλακὰς ἐξέσται μὲν φανεροῖς ὀλίγοις ἔμπροσθεν τῶν κρυπτῶν φυλάττοντα πειρᾶσθαι τοὺς πολεμίους εἰς ἐνέδρας ὑπάγειν·",Xenophon,Hipparchicus,4 12,FALSE,ἐξέσται,τῷ μὲν κρυπτὰς ἔχοντι φυλακὰς,φυλάττοντα,NA,NA,πειρᾶσθαι,7,6,14,15,8,8,1,ἔξεστι,fut ind mid 3rd sg,FALSE,TRUE,FALSE,NA,NA,pres part act masc acc sg (attic),NA,NA,part,sg,TRUE,FALSE,TRUE,attic,FALSE,FALSE
"τοιαῦτά σοι, ὦ παῖ τοκέων ἀγαθῶν Ἡράκλεις, ἔξεστι διαπονησαμένῳ τὴν μακαριστοτάτην εὐδαιμονίαν κεκτῆσθαι.",Xenophon,Memorabilia,2 1 33,TRUE,ἔξεστι,σοι,διαπονησαμένῳ,NA,NA,κεκτῆσθαι,7,1,8,12,5,7,4,ἔξεστι,pres ind act 3rd sg,FALSE,TRUE,FALSE,NA,NA,aor part mid masc/neut dat sg,NA,NA,part,sg,TRUE,FALSE,TRUE,attic,TRUE,FALSE
"ἃ δὴ καὶ ἐγὼ πεισθεὶς ὀρθῶς ἔχειν ἡγοῦμαι οὐκ ἐξεῖναί μοι περὶ σοῦ λέγειν ἐπαινοῦντι οὐδὲν ὅ τι ἂν μὴ ἀληθεύω.",Xenophon,Memorabilia,2 6 36,TRUE,ἐξεῖναί,μοι,ἐπαινοῦντι,NA,NA,λέγειν,9,10,14,13,4,4,-1,ἔξεστι,pres inf act,FALSE,TRUE,FALSE,NA,NA,pres part act masc/neut dat sg,NA,NA,part,sg,TRUE,FALSE,TRUE,attic,TRUE,FALSE
"ἐξεῖναι γὰρ αὐτοῖς ἰέναι πράξοντας τὰ βελτίω τούτων.",Xenophon,Memorabilia,3 9 9,FALSE,ἐξεῖναι,αὐτοῖς,πράξοντας,NA,NA,ἰέναι,0,2,4,3,3,2,-1,ἔξεστι,pres inf act,FALSE,TRUE,FALSE,NA,NA,fut part act masc acc pl,NA,NA,part,pl,TRUE,FALSE,TRUE,attic,TRUE,FALSE
"τῷ γὰρ ἂν ἧττον φήσαιμεν τῶν τοιούτων προσήκειν, ἢ ᾧ ἥκιστα ἔξεστι ταῦτα πράττειν κατεχομένῳ ἐπὶ τῷ σπουδάζειν περὶ τὰς ἐγγυτάτω ἡδονάς;",Xenophon,Memorabilia,4 5 10,TRUE,ἔξεστι,ᾧ,κατεχομένῳ,NA,NA,πράττειν,11,9,14,13,2,5,-1,ἔξεστι,pres ind act 3rd sg,FALSE,TRUE,FALSE,NA,NA,pres part mp masc/neut dat sg,NA,NA,part,sg,TRUE,FALSE,TRUE,attic,TRUE,FALSE
"ἀλλὰ τοῖς ἐγκρατέσι μόνοις ἔξεστι σκοπεῖν τὰ κράτιστα τῶν πραγμάτων, καὶ λόγῳ καὶ ἔργῳ διαλέγοντας κατὰ γένη τὰ μὲν ἀγαθὰ προαιρεῖσθαι, τῶν δὲ κακῶν ἀπέχεσθαι.",Xenophon,Memorabilia,4 5 11,FALSE,ἔξεστι,τοῖς ἐγκρατέσι μόνοις,διαλέγοντας,NA,NA,προαιρεῖσθαι,4,3,14,20,16,11,6,ἔξεστι,pres ind act 3rd sg,FALSE,TRUE,FALSE,NA,NA,pres part act masc acc pl,NA,NA,part,pl,TRUE,FALSE,TRUE,attic,TRUE,FALSE
"ταῦτα δὲ ἐμοῦ ὁμολογήσαντος ἐξείη ἄν σοι, χρωμένῳ τοῖς αὐτοῖς τεκμηρίοις τούτοις, λέγειν ὡς κατὰ τὴν ἐμὴν ὁμολογίαν ἡ σοφία ἐστὶν ἰσχύς.",Plato,Protagoras,350 e.4,TRUE,ἐξείη,σοι,χρωμένῳ,NA,NA,λέγειν,4,6,7,12,8,1,5,ἔξεστι,pres opt act 3rd sg,FALSE,TRUE,FALSE,NA,NA,pres part mp masc/neut dat sg,NA,NA,part,sg,TRUE,FALSE,TRUE,attic,TRUE,FALSE
"ἐξὸν αὐτῷ καὶ ἐκ τῆς ἀγορᾶς ἀδεῶς ὅτι βούλοιτο λαμβάνειν, καὶ εἰσιόντι εἰς τὰς οἰκίας συγγίγνεσθαι ὅτῳ βούλοιτο, καὶ ἀποκτεινύναι καὶ ἐκ δεσμῶν λύειν οὕστινας βούλοιτο, καὶ τἆλλα πράττεινἐν τοῖς ἀνθρώποις ἰσόθεον ὄντα.",Plato,Respublica,360b.6,TRUE,ἐξὸν,αὐτῷ,εἰσιόντι,ὄντα,NA,συγγίγνεσθαι,0,1,11,15,15,10,4,ἔξεστι,pres part act neut nom/voc/acc sg,FALSE,TRUE,FALSE,FALSE,NA,pres part act masc/neut dat sg,pres part act masc acc sg,NA,part,sg,TRUE,FALSE,TRUE,attic,TRUE,FALSE
"Οὐδ' εἰ ἐξείη, ἦν δ' ἐγώ, ὑποφεύγοντι τὸν πρότερον ἀεὶ προσφερόμενον ἀναστρέφοντα κρούειν, καὶ τοῦτο ποιοῖ πολλάκις ἐν ἡλίῳ τε καὶ πνίγει;",Plato,Respublica,422 b.10,FALSE,ἐξείη,ὑποφεύγοντι,προσφερόμενον,ἀναστρέφοντα,NA,κρούειν,2,6,10,12,10,4,2,ἔξεστι,pres opt act 3rd sg,FALSE,TRUE,FALSE,FALSE,NA,pres part mp masc acc sg,pres part act masc acc sg,NA,part,sg,TRUE,FALSE,TRUE,attic,TRUE,FALSE
"Δαρεῖος δὲ δωρησάμενος Μανδροκλέα διέβαινε ἐς τὴν Εὐρώπην, τοῖσι Ἴωσι παραγγείλας πλέειν ἐς τὸν Πόντον μέχρι Ἴστρου ποταμοῦ, ἐπεὰν δὲ ἀπίκωνται ἐς τὸν Ἴστρον, ἐνθαῦτα αὐτὸν περιμένειν, ζευγνύντας τὸν ποταμόν·",Herodotus,Historiae,4 89,FALSE,παραγγείλας,τοῖσι Ἴωσι,ζευγνύντας,NA,NA,περιμένειν,10,9,27,26,16,18,-1,παραγγέλλω,aor part act masc nom/voc sg,TRUE,FALSE,FALSE,NA,NA,pres part act masc acc pl,NA,NA,part,pl,TRUE,FALSE,TRUE,jonic,FALSE,FALSE
"Μαθὼν δὲ ὁ Κλεομένης ποιεῦντας τοὺς Ἀργείους ὁκοῖόν τι ὁ σφέτερος κῆρυξ σημήνειε, παραγγέλλει σφι, ὅταν σημήνῃ ὁ κῆρυξ ποιέεσθαι ἄριστον, τότε ἀναλαβόντας τὰ ὅπλα χωρέειν ἐς τοὺς Ἀργείους.",Herodotus,Historiae,6 78,FALSE,παραγγέλλει,σφι,ἀναλαβόντας,NA,NA,χωρέειν,13,14,22,25,12,8,3,παραγγέλλω,pres ind act 3rd sg,TRUE,FALSE,FALSE,NA,NA,aor part act masc acc pl,NA,NA,part,pl,TRUE,FALSE,TRUE,jonic,FALSE,FALSE
"Παυσανίης δὲ ὁρῶν σφέας ἀπαλλασσομένους ἐκ τοῦ στρατοπέδου παρήγγελλε καὶ τοῖσι Λακεδαιμονίοισι ἀναλαβόντας τὰ ὅπλα ἰέναι κατὰ τοὺς ἄλλους τοὺς προϊόντας, νομίσας αὐτοὺς ἐς τὸν χῶρον ἰέναι ἐς τὸν συνεθήκαντο.",Herodotus,Historiae,9 53,FALSE,παρήγγελλε,τοῖσι Λακεδαιμονίοισι,ἀναλαβόντας,NA,NA,ἰέναι,8,11,12,15,7,1,3,παραγγέλλω,imperf ind act 3rd sg,TRUE,FALSE,FALSE,NA,NA,aor part act masc acc pl,NA,NA,part,pl,TRUE,FALSE,TRUE,jonic,FALSE,FALSE
"ἐνταῦθα καὶ παραγγέλλει τῷ τε Κλεάρχῳ λαβόντι ἥκειν ὅσον ἦν αὐτῷ στράτευμα καὶ τῷ Ἀριστίππῳ συναλλαγέντι πρὸς τοὺς οἴκοι ἀποπέμψαι πρὸς ἑαυτὸν ὃ εἶχε στράτευμα",Xenophon,Anabasis,1 2 1,TRUE,παραγγέλλει,τῷ τε Κλεάρχῳ,λαβόντι,NA,NA,ἥκειν,2,5,6,7,5,1,1,παραγγέλλω,pres ind act 3rd sg,TRUE,FALSE,FALSE,NA,NA,aor part act masc dat sg,NA,NA,part,sg,TRUE,FALSE,TRUE,attic,FALSE,FALSE
"καὶ Ξενίᾳ τῷ Ἀρκάδι, ὃς αὐτῷ προειστήκει τοῦ ἐν ταῖς πόλεσι ξενικοῦ, ἥκειν παραγγέλλει λαβόντα τοὺς ἄλλους πλὴν ὁπόσοι ἱκανοὶ ἦσαν τὰς ἀκροπόλεις φυλάττειν.",Xenophon,Anabasis,1 2 1,FALSE,παραγγέλλει,Ξενίᾳ τῷ Ἀρκάδι,λαβόντα,NA,NA,ἥκειν,13,3,14,12,-1,11,-2,παραγγέλλω,pres ind act 3rd sg,TRUE,FALSE,FALSE,NA,NA,aor part act masc acc sg,NA,NA,part,sg,TRUE,FALSE,TRUE,attic,FALSE,FALSE
"καὶ παρήγγειλε τοῖς λοχαγοῖς κατ' ἐνωμοτίας ποιήσασθαι ἕκαστον τὸν ἑαυτοῦ λόχον, παρ' ἀσπίδα παραγαγόντας τὴν ἐνωμοτίαν ἐπὶ φάλαγγος·",Xenophon,Anabasis,4 3 26,FALSE,παρήγγειλε,τοῖς λοχαγοῖς,παραγαγόντας,NA,NA,ποιήσασθαι,1,3,13,6,5,10,-7,παραγγέλλω,aor ind act 3rd sg,TRUE,FALSE,FALSE,NA,NA,aor part act masc acc pl,NA,NA,part,pl,TRUE,FALSE,TRUE,attic,FALSE,FALSE
"τοῖς δὲ παρ' ἑαυτῷ παρήγγειλεν, ἐπειδὰν σφενδόνη ἐξικνῆται καὶ ἀσπὶς ψοφῇ, παιανίσαντας θεῖν εἰς τοὺς πολεμίους, ἐπειδὰν δ' ἀναστρέψωσιν οἱ πολέμιοι καὶ ἐκ τοῦ ποταμοῦ ὁ σαλπικτὴς σημήνῃ τὸ πολεμικόν, ἀναστρέψαντας ἐπὶ δόρυ ἡγεῖσθαι μὲν τοὺς οὐραγούς, θεῖν δὲ πάντας καὶ διαβαίνειν ὅτι τάχιστα ᾗ ἕκαστος τὴν τάξιν εἶχεν, ὡς μὴ ἐμποδίζειν ἀλλήλους·",Xenophon,Anabasis,4 3 29,FALSE,παρήγγειλεν,τοῖς δὲ παρ' ἑαυτῷ,παιανίσαντας,ἀναστρέψαντας,NA,ἡγεῖσθαι,4,3,11,33,29,8,22,παραγγέλλω,aor ind act 3rd sg,TRUE,FALSE,FALSE,FALSE,NA,aor part act masc acc pl,aor part act masc acc pl,NA,part,pl,TRUE,FALSE,TRUE,attic,FALSE,FALSE
"ὁ δὲ τοῖς πελτασταῖς πᾶσι παρήγγειλε διηγκυλωμένους ἰέναι, ὡς, ὁπόταν σημήνῃ, ἀκοντίζειν, καὶ τοὺς τοξότας ἐπιβεβλῆσθαι ἐπὶ ταῖς νευραῖς, ὡς, ὁπόταν σημήνῃ, τοξεύειν δεῆσον, καὶ τοὺς γυμνῆτας λίθων ἔχειν μεστὰς τὰς διφθέρας·",Xenophon,Anabasis,5 2 12,FALSE,παρήγγειλε,τοῖς πελτασταῖς πᾶσι,διηγκυλωμένους,ἀναστρέφοντα,NA,ἰέναι,5,4,6,7,2,2,1,παραγγέλλω,aor ind act 3rd sg,TRUE,FALSE,FALSE,FALSE,NA,perf part mp masc acc pl,pres part act masc acc sg,NA,part,pl,TRUE,FALSE,TRUE,attic,FALSE,FALSE
"ἀκούσας δὲ ταῦτα ὁ Κῦρος παρήγγειλε τῷ πρώτῳ τεταγμένῳ ταξιάρχῳ εἰς μέτωπον στῆναι, ἐφ' ἑνὸς ἄγοντα τὴν τάξιν, ἐν δεξιᾷ ἔχοντα ἑαυτόν, καὶ τῷ δευτέρῳ ἐκέλευσε ταὐτὸ τοῦτο παραγγεῖλαι, καὶ διὰ πάντων οὕτω παραδιδόναι ἐκέλευσεν.",Xenophon,Cyropaedia,2 4 2,FALSE,παρήγγειλε,τῷ πρώτῳ τεταγμένῳ ταξιάρχῳ,ἄγοντα,ἔχοντα,NA,στῆναι,5,9,15,12,7,6,-3,παραγγέλλω,aor ind act 3rd sg,TRUE,FALSE,FALSE,FALSE,NA,pres part act masc acc sg,pres part act masc acc sg,NA,part,sg,TRUE,FALSE,TRUE,attic,FALSE,FALSE
"τῇ δ' ὑστεραίᾳ πρῲ Κῦρος μὲν ἐστεφανωμένος ἔθυε, παρήγγειλε δὲ καὶ τοῖς ἄλλοις ὁμοτίμοις ἐστεφανωμένοις πρὸς τὰ ἱερὰ παρεῖναι.",Xenophon,Cyropaedia,3 3 34,TRUE,παρήγγειλε,τοῖς ἄλλοις ὁμοτίμοις,ἐστεφανωμένοις,NA,NA,παρεῖναι,8,13,14,18,10,1,4,παραγγέλλω,aor ind act 3rd sg,TRUE,FALSE,FALSE,NA,NA,perf part mp masc/neut dat pl,NA,NA,part,pl,TRUE,FALSE,TRUE,attic,FALSE,FALSE
"παραγγείλατε δὲ τοῖς ταξιάρχοις καὶ λοχαγοῖς ἐπὶ φάλαγγος καθίστασθαι εἰς δύο ἔχοντας ἕκαστον τὸν λόχον.",Xenophon,Cyropaedia,6 3 21,FALSE,παραγγείλατε,τοῖς ταξιάρχοις καὶ λοχαγοῖς,ἔχοντας,NA,NA,καθίστασθαι,0,5,11,8,8,6,-3,παραγγέλλω,aor imperat act 2nd pl,TRUE,FALSE,FALSE,NA,NA,pres part act masc acc pl,NA,NA,part,pl,TRUE,FALSE,TRUE,attic,FALSE,FALSE
"καὶ οἱ μὲν τοῦτ' ἐποίουν· αὐτὸς δ', ἐπειδὴ ἐκεῖνοι κατέπλεον, ἔθυε τὰ εὐαγγέλια, καὶ τοῖς στρατιώταις παρήγγειλε δειπνοποιεῖσθαι, καὶ τοῖς ἐμπόροις τὰ χρήματα σιωπῇ ἐνθεμένους εἰς τὰ πλοῖα ἀποπλεῖν εἰς Χίον (ἦν δὲ τὸ πνεῦμα οὔριον) καὶ τὰς τριήρεις τὴν ταχίστην.",Xenophon,Hellenica,1 6 3,FALSE,παρήγγειλε,τοῖς στρατιώταις,ἐνθεμένους,NA,NA,ἀποπλεῖν,16,15,24,28,12,9,4,παραγγέλλω,aor ind act 3rd sg,TRUE,FALSE,FALSE,NA,NA,aor part mid masc acc pl,NA,NA,part,pl,TRUE,FALSE,TRUE,attic,FALSE,FALSE
"ἵνα εἰδῆτε ὡς ἀγαθοῖς τε ὑμῖν προσήκει εἶναι σῴζονταί τε σὺν τοῖς θεοῖς καὶ ἐκ πάνυ δεινῶν οἱ ἀγαθοί.",Xenophon,Anabasis,3 2 11,TRUE,προσήκει,ὑμῖν,ἀγαθοῖς,NA,NA,εἶναι,6,5,3,7,-6,-2,4,προσήκει,pres ind act 3rd sg,FALSE,TRUE,TRUE,NA,NA,masc/neut dat pl,NA,NA,adj,pl,TRUE,TRUE,FALSE,attic,FALSE,FALSE
"παντὶ μὲν οὖν προσήκει ἄρχοντι φρονίμῳ εἶναι.",Xenophon,Hipparchicus,7 1,TRUE,προσήκει,Παντὶ … ἄρχοντι,φρονίμῳ,NA,NA,εἶναι,3,4,5,6,-3,1,1,προσήκει,pres ind act 3rd sg,FALSE,TRUE,TRUE,NA,NA,masc/fem/neut dat sg,NA,NA,adj,sg,TRUE,TRUE,FALSE,attic,FALSE,FALSE
"προσήκει δὲ παντὶ τῷ ἐν τιμωρίᾳ ὄντι, ὑπ᾽ ἄλλου ὀρθῶς τιμωρουμένῳ, ἢ βελτίονι γίγνεσθαι καὶ ὀνίνασθαι ἢ παραδείγματι τοῖς ἄλλοις γίγνεσθαι (...)",Plato,Gorgias,525 b,TRUE,προσήκει,παντὶ τῷ ἐν τιμωρίᾳ ὄντι,βελτίονι,παραδείγματι,NA,γίγνεσθαι,0,6,12,13,13,6,1,προσήκει,pres ind act 3rd sg,FALSE,TRUE,TRUE,TRUE,NA,dat comp sg,neut dat sg,NA,adj,sg,TRUE,TRUE,FALSE,attic,TRUE,FALSE
"ἕτερον δέ γε ἑτέρου οὐκ ἔσται, ἕως ἂν ᾖ ἕν: οὐ γὰρ ἑνὶ προσήκει ἑτέρῳ τινὸς εἶναι, ἀλλὰ μόνῳ ἑτέρῳ ἑτέρου, ἄλλῳ δὲ οὐδενί.",Plato,Parmenides,139 c,TRUE,προσήκει,ἑνὶ,ἑτέρῳ,οὐδενί,NA,εἶναι,13,12,14,16,-13,2,2,προσήκει,pres ind act 3rd sg,FALSE,TRUE,TRUE,TRUE,NA,masc/neut dat sg,dat sg,NA,adj,sg,TRUE,TRUE,FALSE,attic,TRUE,FALSE
"τί οὖν; τούτων οὕτως ἐχόντων ἆρ᾽ οὐχὶ σώματι μὲν ταχὺ διαλύεσθαι προσήκει, ψυχῇ δὲ αὖ τὸ παράπαν ἀδιαλύτῳ εἶναι ἢ ἐγγύς τι τούτου;",Plato,Phaedo,80 b,TRUE,προσήκει,ψυχῇ,ἀδιαλύτῳ,NA,NA,εἶναι,11,12,17,18,-11,5,1,προσήκει,pres ind act 3rd sg,FALSE,TRUE,TRUE,NA,NA,masc/fem/neut dat sg,NA,NA,adj,sg,TRUE,TRUE,FALSE,attic,TRUE,FALSE
"καὶ καθ᾽ ὅσον εὐδαίμονι προσήκει γίγνεσθαι πόλει (...)",Plato,Politicus,311 c,TRUE,προσήκει,πόλει,εὐδαίμονι,NA,NA,γίγνεσθαι,4,6,3,5,1,-3,2,προσήκει,pres ind act 3rd sg,FALSE,TRUE,TRUE,NA,NA,dat sg,NA,NA,adj,sg,TRUE,TRUE,FALSE,attic,TRUE,FALSE
"Τὴν δέ οἱ συμβουλεῦσαι τῶν παίδων ἐόντων ἓξ τοὺς δύο ἐπὶ τὴν πυρὴν ἐκτείναντα γεφυρῶσαι τὸ καιόμενον, αὐτοὺς δ' ἐπ' ἐκείνων ἐπιβαίνοντας ἐκσῴζεσθαι",Herodotus,Historiae,2 107,FALSE,συμβουλεῦσαι,οἱ,ἐκτείναντα,ἐπιβαίνοντας,NA,γεφυρῶσαι,3,2,13,14,11,11,1,συμβουλεύω,aor inf act,TRUE,FALSE,FALSE,FALSE,NA,aor part act masc acc sg,pres part act masc acc pl,NA,part,sg,TRUE,FALSE,TRUE,jonic,FALSE,FALSE
"ὃς συνεβούλευσε Ἀβδηρίτῃσι πανδημεὶ αὐτοὺς καὶ γυναῖκας, ἐλθόντας ἐς τὰ σφέτερα ἱρά, ἵζεσθαι ἱκέτας τῶν θεῶν παραιτεομένους καὶ τὸ λοιπόν σφι ἀπαμύνειν τῶν ἐπιόντων κακῶν τὰ ἡμίσεα, τῶν τε παροιχομένων ἔχειν σφι μεγάλην χάριν, ὅτι βασιλεὺς Ξέρξης οὐ δὶς ἑκάστης ἡμέρης ἐνόμισε σῖτον αἱρέεσθαι·",Herodotus,Historiae,7 120,FALSE,συνεβούλευσε,Ἀβδηρίτῃσι,ἐλθόντας,ἱκέτας,παραιτεομένους,ἵζεσθαι,1,2,7,12,11,5,5,συμβουλεύω,aor ind act 3rd sg,TRUE,FALSE,FALSE,FALSE,FALSE,aor part act masc acc pl,masc acc pl,pres part mp masc acc pl,part,pl,TRUE,FALSE,TRUE,jonic,FALSE,FALSE
"Τίμων ὁ Ἀνδροβούλου, τῶν Δελφῶν ἀνὴρ δόκιμος ὅμοια τῷ μάλιστα, συνεβούλευέ σφι ἱκετηρίας λαβοῦσι δεύτερα αὖτις ἐλθόντας χρᾶσθαι τῷ χρηστηρίῳ ὡς ἱκέτας.",Herodotus,Historiae,7 141,TRUE,συνεβούλευέ,σφι,λαβοῦσι,ἐλθόντας,ἱκέτας,χρᾶσθαι,10,11,13,17,7,2,4,συμβουλεύω,imperf ind act 3rd sg,TRUE,FALSE,FALSE,FALSE,FALSE,aor part act masc/neut dat pl,aor part act masc acc pl,masc acc pl,part,pl,TRUE,FALSE,TRUE,jonic,FALSE,FALSE
"ἀπικόμενοι γὰρ ἄγγελοι παρὰ Ἀλεξάνδρου τοῦ Ἀμύντεω ἀνδρὸς Μακεδόνος συνεβούλευόν σφι ἀπαλλάσσεσθαι μηδὲ μένοντας ἐν τῇ ἐσβολῇ καταπατηθῆναι ὑπὸ τοῦ στρατοῦ τοῦ ἐπιόντος, σημαίνοντες τὸ πλῆθός τε τῆς στρατιῆς καὶ τὰς νέας·",Herodotus,Historiae,7 173,FALSE,συνεβούλευόν,σφι,μένοντας,NA,NA,καταπατηθῆναι,9,10,13,17,8,3,4,συμβουλεύω,imperf ind act 3rd pl,TRUE,FALSE,FALSE,NA,NA,pres part act masc acc pl,NA,NA,part,pl,TRUE,FALSE,TRUE,jonic,FALSE,FALSE
"συμβουλεύει τῷ Ξενοφῶντι ἐλθόντα εἰς Δελφοὺς ἀνακοινῶσαι τῷ θεῷ περὶ τῆς πορείας.",Xenophon,Anabasis,3 1 5,FALSE,συμβουλεύει,τῷ Ξενοφῶντι,ἐλθόντα,NA,NA,ἀνακοινῶσαι,0,2,3,6,6,1,3,συμβουλεύω,pres ind act 3rd sg,TRUE,FALSE,FALSE,NA,NA,aor part act masc acc sg,NA,NA,part,sg,TRUE,FALSE,TRUE,attic,FALSE,FALSE
"καὶ ὑμῖν δὲ συμβουλεύω Ἕλληνας ὄντας τοῖς τῶν Ἑλλήνων προεστηκόσι πειθομένους πειρᾶσθαι τῶν δικαίων τυγχάνειν.",Xenophon,Anabasis,7 1 30,FALSE,συμβουλεύω,ὑμῖν,ὄντας,πειθομένους,NA,πειρᾶσθαι,3,1,5,11,8,4,6,συμβουλεύω,pres ind act 1st sg,TRUE,FALSE,FALSE,FALSE,NA,pres part act masc acc pl,pres part mp masc acc pl,NA,part,pl,TRUE,FALSE,TRUE,attic,FALSE,FALSE
"συμβουλεύω δέ σοι καίπερ νεώτερος ὢν μὴ ἀφαιρεῖσθαι ἃ ἂν δῷς, ἵνα μή σοι ἀντὶ χαρίτων ἔχθραι ὀφείλωνται, μηδ' ὅταν τινὰ βούλῃ πρὸς σὲ ταχὺ ἐλθεῖν, ἀπειλοῦντα μεταπέμπεσθαι, μηδὲ φάσκοντα ἔρημον εἶναι ἅμα πολλοῖς ἀπειλεῖν, ἵνα μὴ διδάσκῃς αὐτοὺς σοῦ μὴ φροντίζειν.",Xenophon,Cyropaedia,4 5 32,FALSE,συμβουλεύω,σοι,ἀπειλοῦντα,φάσκοντα,ἔρημον,ἀφαιρεῖσθαι / μεταπέμπεσθαι / εἶναι,0,2,26,27,0,24,1,συμβουλεύω,pres ind act 1st sg,TRUE,FALSE,FALSE,FALSE,FALSE,pres part act masc acc sg,pres part act masc acc sg,masc acc sg,part,sg,TRUE,FALSE,TRUE,attic,FALSE,FALSE
"συγκαλέσαντα δὲ χρὴ τοὺς ἱππέας συμβουλεῦσαι αὐτοῖς μελετᾶν, καὶ ὅταν εἰς χώραν ἐλαύνωσι καὶ ὅταν ἄλλοσέ ποι, ἐκβιβάζοντας τῶν ὁδῶν καὶ ταχὺ ἐλαύνοντας ἐν τόποις παντοδαποῖς.",Xenophon,Hipparchicus,1 18,FALSE,συμβουλεῦσαι,αὐτοῖς,ἐκβιβάζοντας,NA,NA,μελετᾶν,5,6,17,7,2,11,-10,συμβουλεύω,aor inf act,TRUE,FALSE,FALSE,NA,NA,pres part act masc acc pl,NA,NA,part,pl,TRUE,FALSE,TRUE,attic,FALSE,FALSE
"τοῖς δὲ μὴ δυναμένοις τοῦτο ποιεῖν συνεβούλευε φυλάττεσθαι τὰ πείθοντα μὴ πεινῶντας ἐσθίειν μηδὲ διψῶντας πίνειν·",Xenophon,Memorabilia,1 3 6,FALSE,συνεβούλευε,τοῖς δὲ μὴ δυναμένοις τοῦτο ποιεῖν,πεινῶντας,διψῶντας,NA,ἐσθίειν,6,5,11,12,6,6,1,συμβουλεύω,imperf ind act 3rd sg,TRUE,FALSE,FALSE,FALSE,NA,pres part act masc acc pl,pres part act masc acc pl,NA,part,pl,TRUE,FALSE,TRUE,attic,TRUE,FALSE
"ἀλλ' ὅρα εἰ ἔχεις τε καὶ μηδὲν δέῃ τῆς ἐπῳδῆς· εἰ γὰρ ἔχεις, μᾶλλον ἂν ἔγωγέ σοι συμβουλεύσαιμι ἐμὲ μὲν λῆρον ἡγεῖσθαι εἶναι καὶ ἀδύνατον λόγῳ ὁτιοῦν ζητεῖν, σεαυτὸν δέ, ὅσῳπερ σωφρονέστερος εἶ, τοσούτῳ εἶναι καὶ εὐδαιμονέστερον.",Plato,Charmides,176a3,FALSE,συμβουλεύσαιμι,σοι,εὐδαιμονέστερον,NA,NA,ἡγεῖσθαι εἶναι,17,16,36,34,-17,20,-2,συμβουλεύω,aor opt act 1st sg,TRUE,FALSE,FALSE,NA,NA,masc acc comp sg,NA,NA,part,sg,TRUE,FALSE,TRUE,attic,TRUE,FALSE
"οὐδὲ τὸν τοῦ Ἀχιλλέως παιδαγωγὸν Φοίνικα ἐπαινετέον ὡς μετρίως ἔλεγε συμβουλεύων αὐτῷ δῶρα μὲν λαβόντι ἐπαμύνειν τοῖς Ἀχαιοῖς, ἄνευ δὲ δώρων μὴ ἀπαλλάττεσθαι τῆς μήνιος.",Plato,Respublica,390 e,TRUE,συμβουλεύων,αὐτῷ,λαβόντι,NA,NA,ἐπαμύνειν,10,11,14,15,5,3,1,συμβουλεύω,pres part act masc nom sg,TRUE,FALSE,FALSE,NA,NA,aor part act masc/neut dat sg,NA,NA,part,sg,TRUE,FALSE,TRUE,attic,TRUE,FALSE
"οἷ ἀφικομένῃ ὑπάρχει αὐτῇ εὐδαίμονι εἶναι",Plato,Phaedo,81 a,TRUE,ὑπάρχει,Ἀφικομένῃ … αὐτῇ,εὐδαίμονι,NA,NA,εἶναι,2,3,4,5,-2,1,1,ὑπάρχει,pres ind act 3rd sg,FALSE,TRUE,TRUE,NA,NA,dat sg,NA,NA,adj,sg,TRUE,TRUE,FALSE,attic,TRUE,FALSE
"ὦ Ζεῦ μέγιστε, δός μοι φανῆναι ἀξίῳ μὲν Πανθείας ἀνδρί, ἀξίῳ δὲ Κύρου φίλῳ",Xenophon,Cyropaedia,6 4 9,TRUE,δός,μοι,Ἀξίῳ ... ἀνδρί,ἀξίῳ ... φίλῳ,NA,φανῆναι,3,4,6,5,2,2,-1,δίδωμι,aor imperat act 2nd sg,TRUE,FALSE,TRUE,TRUE,NA,dat masc sg,dat masc sg,NA,noun,sg,FALSE,FALSE,FALSE,attic,FALSE,FALSE
"οὕτω δὴ φέροντας ἐς τοὺς οὔρους τὰ ἱρὰ ἐνδεδεμένα ἐν πυρῶν καλάμῃ τοῖσι πλησιοχώροισι ἐπισκήπτειν κελεύοντας προπέμπειν σφέα ἀπὸ ἑωυτῶν ἐς ἄλλο ἔθνος.",Herodotus,Historiae,4 33,FALSE,ἐπισκήπτειν,τοῖσι πλησιοχώροισι,κελεύοντας,NA,NA,προπέμπειν,14,13,15,16,2,2,1,ἐπισκήπτω,pres inf act,TRUE,FALSE,FALSE,NA,NA,pres part act masc acc pl,NA,NA,part,pl,TRUE,FALSE,TRUE,jonic,FALSE,FALSE
"καὶ μὲν δὴ βελτίονί σοι προσήκει γενέσθαι ἐμοὶ πειθομένῳ ἢ ἐραστῇ.",Plato,Phaedrus,233 a,TRUE,προσήκει,σοι,βελτίονί,ἐραστῇ,NA,γενέσθαι,5,4,3,6,1,-1,3,προσήκει,pres ind act 3rd sg,FALSE,TRUE,TRUE,TRUE,NA,dat comp sg,masc dat sg,NA,adj,sg,TRUE,TRUE,FALSE,attic,TRUE,FALSE
"ὅταν μὲν γὰρ παιδίον ἴδω, ᾧ ἔτι προσήκει διαλέγεσθαι οὕτω, ψελλιζόμενον καὶ παῖζον, χαίρω (...)",Plato,Gorgias,485 b,FALSE,προσήκει,ᾧ,ψελλιζόμενον,NA,NA,διαλέγεσθαι,7,5,10,8,1,5,-2,προσήκει,pres ind act 3rd sg,FALSE,TRUE,FALSE,NA,NA,pres part mp masc acc sg,NA,NA,part,sg,TRUE,FALSE,TRUE,attic,TRUE,FALSE
"Οὐκοῦν τῷ μὲν λογιστικῷ ἄρχειν προσήκει, σοφῷ ὄντι καὶ ἔχοντι τὴν ὑπὲρ ἁπάσης τῆς ψυχῆς προμήθειαν, τῷ δὲ θυμοειδεῖ ὑπηκόῳ εἶναι καὶ συμμάχῳ τούτου;",Plato,Respublica,441 e,TRUE,προσήκει,λογιστικῷ,ὑπηκόῳ,συμμάχῳ,NA,εἶναι,5,3,19,20,-5,16,1,προσήκει,pres ind act 3rd sg,FALSE,TRUE,TRUE,TRUE,NA,dat masc sg,masc/fem/neut dat sg,NA,adj,sg,TRUE,TRUE,FALSE,attic,TRUE,FALSE
"(...) ἄντε ἀγγέλλειν βούληταί τις ἐάντ' αὖ πυνθάνεσθαί τι τῶν ὧν προσήκει πόλει πρὸς πόλεις ἄλλας ἀποκρίνεσθαί τε, καὶ ἐρωτήσασαν ἑτέρας, ἀποδέξασθαι τὰς ἀποκρίσεις (...)",Plato,Leges,758 c,FALSE,προσήκει,πόλει,ἐρωτήσασαν,NA,NA,ἀποκρίνεσθαί,10,11,18,15,5,7,-3,προσήκει,pres ind act 3rd sg,FALSE,TRUE,FALSE,NA,NA,aor part act fem acc sg (attic epic ionic),NA,NA,part,sg,TRUE,FALSE,TRUE,attic,TRUE,FALSE
"καθ' ὅσον οἷόν τε καὶ ἀνελέγκτοις προσήκει λόγοις εἶναι καὶ ἀνικήτοις",Plato,Timaeus,29 b,TRUE,προσήκει,λόγοις,ἀνελέγκτοις,ἀνικήτοις,NA,εἶναι,6,7,5,8,-6,-2,3,προσήκει,pres ind act 3rd sg,FALSE,TRUE,TRUE,TRUE,NA,masc/fem/neut dat pl,masc/fem/neut dat pl,NA,adj,pl,TRUE,TRUE,FALSE,attic,TRUE,FALSE
"καὶ καθ' ὅσον μὲν αὐτῶν ἀθανάτοις ὁμώνυμον εἶναι προσήκει",Plato,Timaeus,41 c,FALSE,προσήκει,ἀθανάτοις,ὁμώνυμον,NA,NA,εἶναι,8,5,6,7,-8,1,1,προσήκει,pres ind act 3rd sg,FALSE,TRUE,TRUE,NA,NA,masc/fem acc sg', 'neut nom/voc/acc sg,NA,NA,adj,sg,TRUE,TRUE,FALSE,attic,TRUE,FALSE
"ὦ Πέρσαι, τῶνδ' ἐγὼ ὑμέων χρηίζων συνέλεξα, ἄνδρας τε γίνεσθαι ἀγαθοὺς καὶ μὴ καταισχύνειν τὰ πρόσθε ἐργασμένα Πέρσῃσι(...)",Herodotus,Historiae,7 53,FALSE,χρηίζων,ὑμέων,ἄνδρας,NA,NA,γίνεσθαι,5,4,7,9,4,3,2,χρῄζω,pres part act masc nom sg,TRUE,FALSE,TRUE,NA,NA,masc acc pl,NA,NA,noun,pl,FALSE,FALSE,FALSE,jonic,FALSE,FALSE
"ὡς συμφέρει αὐτοῖς φίλους εἶναι μᾶλλον ἢ πολεμίους",Xenophon,Oeconomicus,11 23 7,FALSE,συμφέρει,αὐτοῖς,φίλους,πολεμίους,NA,εἶναι,1,2,3,4,-1,1,1,συμφέρει,pres ind act 3rd sg,FALSE,TRUE,TRUE,FALSE,NA,masc acc pl,masc acc pl,NA,adj,pl,TRUE,TRUE,FALSE,attic,TRUE,FALSE
"τοῦτον οὖν σκόπει, εἴπερ βούλει κρίνειν ὅσῳ μᾶλλον συμφέρει ἰδίᾳ αὑτῷ ἄδικον εἶναι ἢ τὸ δίκαιον.",Plato,Respublica,344 a,FALSE,συμφέρει,ἰδίᾳ αὑτῷ,ἄδικον,NA,NA,εἶναι,8,10,11,12,-8,1,1,συμφέρει,pres ind act 3rd sg,FALSE,TRUE,TRUE,NA,NA,masc/fem/neut acc sg,NA,NA,adj,sg,TRUE,TRUE,FALSE,attic,TRUE,FALSE
"ταῦτά τε ὦν ἐπιλεγομένῳ καὶ βουλευομένῳ ἔδοξέ μοι τὰ ἡμίσεα πάσης τῆς οὐσίης ἐξαργυρώσαντα θέσθαι παρὰ σέ, εὖ ἐξεπισταμένῳ ὥς μοι κείμενα ἔσται παρὰ σοὶ σόα.",Herodotus,Historiae,6 86 a,FALSE,ἔδοξέ,μοι,ἐξαργυρώσαντα,NA,NA,θέσθαι,6,7,13,14,8,6,1,δοκεῖ,aor ind act 3rd sg,FALSE,FALSE,FALSE,NA,NA,aor part act masc acc sg,NA,NA,part,sg,TRUE,FALSE,TRUE,jonic,FALSE,FALSE
